vec	2026-10-03 12:12:11	2026-10-03 12:15:46	215	0
chk	2026-10-03 12:15:48	2026-10-03 12:15:53	5	3
hp	2026-10-03 12:15:54	2026-10-03 12:15:54	0	skipped
f2	2026-10-03 12:15:54	2026-10-03 12:15:54	0	skipped
f4	2026-10-03 12:15:54	2026-10-03 12:15:54	0	skipped
f5	2026-10-03 12:15:54	2026-10-03 12:15:54	0	skipped
f6	2026-10-03 12:15:54	2026-10-03 12:15:54	0	skipped
f7	2026-10-03 12:15:54	2026-10-03 12:15:57	3	0
chk	2026-10-03 14:58:40	2026-10-03 14:58:47	7	0
hp	2026-10-03 14:58:50	2026-10-03 14:59:11	21	0
f2	2026-10-03 14:59:13	2026-10-03 14:59:21	8	0
f4	2026-10-03 14:59:23	2026-10-03 14:59:29	6	0
f5	2026-10-03 14:59:31	2026-10-03 14:59:40	9	0
f6	2026-10-03 14:59:42	2026-10-03 14:59:49	7	0
