order,fold,t,ACC,MaskedACC,Forgetting,BWT,MaskedACC_optthr
reverse,1,1,0.933333,0.933333,,,0.933333
reverse,1,2,0.940350,0.940350,,,0.940350
reverse,1,3,0.891417,0.924391,,,0.931560
reverse,1,4,0.860993,0.897022,0.060384,-0.060384,0.923012
reverse,2,1,0.933333,0.933333,,,0.933333
reverse,2,2,0.760493,0.793827,,,0.927161
reverse,2,3,0.764306,0.853195,,,0.945592
reverse,2,4,0.776706,0.924106,0.215248,-0.215248,0.943404
reverse,3,1,1.000000,1.000000,,,0.933333
reverse,3,2,0.973684,0.980263,,,0.946929
reverse,3,3,0.940789,0.962536,,,0.929897
reverse,3,4,0.820277,0.939192,0.136806,-0.136806,0.924059
reverse,4,1,1.000000,1.000000,,,0.937500
reverse,4,2,0.849359,0.880609,,,0.943109
reverse,4,3,0.797338,0.898402,,,0.932976
reverse,4,4,0.728990,0.903712,0.282006,-0.282006,0.931875
reverse,5,1,1.000000,1.000000,,,0.933333
reverse,5,2,0.972973,0.979729,,,0.939639
reverse,5,3,0.964252,0.968756,,,0.938483
reverse,5,4,0.899963,0.937237,0.052495,-0.052495,0.931199
reverse,6,1,0.937500,0.937500,,,0.937500
reverse,6,2,0.949269,0.955763,,,0.924513
reverse,6,3,0.905148,0.946699,,,0.929267
reverse,6,4,0.889088,0.935877,0.075487,-0.075487,0.938428
reverse,7,1,0.933333,,,,
reverse,7,2,0.946666,,,,
reverse,7,3,0.932222,,,,
reverse,7,4,0.863031,0.940816,0.078056,-0.078056,
reverse,8,1,0.933333,0.933333,,,0.933333
reverse,8,2,0.914035,0.914035,,,0.940350
reverse,8,3,0.897551,0.901023,,,0.904678
reverse,8,4,0.823658,0.902175,0.078911,-0.078911,0.885562
reverse,9,1,1.000000,1.000000,,,0.928571
reverse,9,2,0.683422,0.683422,,,0.933422
reverse,9,3,0.707659,0.779087,,,0.901742
reverse,9,4,0.731273,0.796272,0.246085,-0.246085,0.901850
reverse,10,1,1.000000,1.000000,,,0.928571
reverse,10,2,0.736487,0.879344,,,0.915058
reverse,10,3,0.756559,0.887437,,,0.890258
reverse,10,4,0.747170,0.908435,0.247104,-0.247104,0.900996
