row,order,fold,t,TP_ACC,TP_esca,TP_rcc,TP_brca,TP_lung,WP_esca,WP_rcc,WP_brca,WP_lung,CIL_esca,CIL_rcc,CIL_brca,CIL_lung
FINALB,reverse,1,1,1.0000000000,1.0000000000,,,,0.9333333373,,,,0.9333333373,,,
FINALB,reverse,1,2,0.9666666687,0.9333333373,1.0000000000,,,1.0000000000,0.9736841917,,,0.9333333373,0.9736841917,,
FINALB,reverse,1,3,0.9733918111,0.9333333373,0.9868420959,1.0000000000,,1.0000000000,0.9736841917,0.9032257795,,0.9333333373,0.9605262876,0.9032257795,
FINALB,reverse,1,4,0.9720359445,0.9333333373,0.9868420959,0.9784946442,0.9894737005,1.0000000000,0.9736841917,0.9032257795,0.8947368264,0.9333333373,0.9605262876,0.8817204237,0.8947368264
FINALB,reverse,2,1,1.0000000000,1.0000000000,,,,0.9333333373,,,,0.9333333373,,,
FINALB,reverse,2,2,1.0000000000,1.0000000000,1.0000000000,,,0.9333333373,0.9876543283,,,0.9333333373,0.9876543283,,
FINALB,reverse,2,3,0.9958847761,1.0000000000,0.9876543283,1.0000000000,,0.9333333373,0.9753086567,0.9368420839,,0.9333333373,0.9629629850,0.9368420839,
FINALB,reverse,2,4,0.9802469164,0.9333333373,0.9876543283,1.0000000000,1.0000000000,0.9333333373,0.9753086567,0.9368420839,0.9578947425,0.8666666746,0.9629629850,0.9368420839,0.9578947425
FINALB,reverse,3,1,1.0000000000,1.0000000000,,,,0.9333333373,,,,0.9333333373,,,
FINALB,reverse,3,2,0.9934210479,1.0000000000,0.9868420959,,,0.9333333373,0.9210526347,,,0.9333333373,0.9210526347,,
FINALB,reverse,3,3,0.9921418031,1.0000000000,0.9868420959,0.9895833135,,1.0000000000,0.9210526347,0.9062500000,,1.0000000000,0.9210526347,0.8958333135,
FINALB,reverse,3,4,0.9941063523,1.0000000000,0.9868420959,0.9895833135,1.0000000000,1.0000000000,0.9210526347,0.9166666865,0.9532710314,1.0000000000,0.9210526347,0.9062500000,0.9532710314
FINALB,reverse,4,1,1.0000000000,1.0000000000,,,,1.0000000000,,,,1.0000000000,,,
FINALB,reverse,4,2,1.0000000000,1.0000000000,1.0000000000,,,1.0000000000,0.9230769277,,,1.0000000000,0.9230769277,,
FINALB,reverse,4,3,0.9929078023,1.0000000000,1.0000000000,0.9787234068,,1.0000000000,0.9615384340,0.9361702204,,1.0000000000,0.9615384340,0.9148936272,
FINALB,reverse,4,4,0.9607712775,0.8750000000,1.0000000000,0.9680851102,1.0000000000,1.0000000000,0.9487179518,0.9468085170,0.9017857313,0.8750000000,0.9487179518,0.9148936272,0.9017857313
FINALB,reverse,5,1,1.0000000000,1.0000000000,,,,1.0000000000,,,,1.0000000000,,,
FINALB,reverse,5,2,1.0000000000,1.0000000000,1.0000000000,,,1.0000000000,0.9864864945,,,1.0000000000,0.9864864945,,
FINALB,reverse,5,3,0.9964539011,1.0000000000,1.0000000000,0.9893617034,,1.0000000000,0.9864864945,0.9255319238,,1.0000000000,0.9864864945,0.9148936272,
FINALB,reverse,5,4,0.9886983037,1.0000000000,0.9864864945,0.9787234068,0.9895833135,1.0000000000,0.9864864945,0.9255319238,0.9375000000,1.0000000000,0.9729729891,0.9042553306,0.9375000000
FINALB,reverse,6,1,1.0000000000,1.0000000000,,,,0.9375000000,,,,0.9375000000,,,
FINALB,reverse,6,2,0.9375000000,0.8750000000,1.0000000000,,,0.9375000000,0.9870129824,,,0.8750000000,0.9870129824,,
FINALB,reverse,6,3,0.9583333333,0.8750000000,1.0000000000,1.0000000000,,0.9375000000,0.9870129824,0.9489796162,,0.8750000000,0.9870129824,0.9489796162,
FINALB,reverse,6,4,0.9659090936,0.8750000000,1.0000000000,1.0000000000,0.9886363745,0.9375000000,0.9870129824,0.9591836929,0.9545454383,0.8750000000,0.9870129824,0.9591836929,0.9431818128
FINALB,reverse,7,1,1.0000000000,1.0000000000,,,,0.9333333373,,,,0.9333333373,,,
FINALB,reverse,7,2,1.0000000000,1.0000000000,1.0000000000,,,0.9333333373,0.9599999785,,,0.9333333373,0.9599999785,,
FINALB,reverse,7,3,0.9733333389,0.9333333373,0.9866666794,1.0000000000,,0.9333333373,0.9466666579,0.9270833135,,0.8666666746,0.9333333373,0.9270833135,
FINALB,reverse,7,4,0.9607560188,0.8666666746,0.9866666794,1.0000000000,0.9896907210,0.9333333373,0.9599999785,0.9166666865,0.9278350472,0.8000000119,0.9466666579,0.9166666865,0.9175257683
FINALB,reverse,8,1,1.0000000000,1.0000000000,,,,0.8666666746,,,,0.8666666746,,,
FINALB,reverse,8,2,1.0000000000,1.0000000000,1.0000000000,,,0.9333333373,0.9342105389,,,0.9333333373,0.9342105389,,
FINALB,reverse,8,3,0.9777777791,0.9333333373,1.0000000000,1.0000000000,,0.9333333373,0.9210526347,0.8958333135,,0.9333333373,0.9210526347,0.8958333135,
FINALB,reverse,8,4,0.9859578311,1.0000000000,0.9868420959,1.0000000000,0.9569892287,0.9333333373,0.9342105389,0.8958333135,0.9032257795,0.9333333373,0.9210526347,0.8958333135,0.8602150679
FINALB,reverse,9,1,1.0000000000,1.0000000000,,,,1.0000000000,,,,1.0000000000,,,
FINALB,reverse,9,2,0.9938271642,1.0000000000,0.9876543283,,,1.0000000000,0.9629629850,,,1.0000000000,0.9506173134,,
FINALB,reverse,9,3,1.0000000000,1.0000000000,1.0000000000,1.0000000000,,1.0000000000,0.9382715821,0.8888888955,,1.0000000000,0.9382715821,0.8888888955,
FINALB,reverse,9,4,0.9664149284,0.9285714030,1.0000000000,0.9696969986,0.9673913121,1.0000000000,0.9382715821,0.8787878752,0.8695651889,0.9285714030,0.9382715821,0.8484848738,0.8478260636
FINALB,reverse,10,1,1.0000000000,1.0000000000,,,,0.9285714030,,,,0.9285714030,,,
FINALB,reverse,10,2,1.0000000000,1.0000000000,1.0000000000,,,1.0000000000,0.9864864945,,,1.0000000000,0.9864864945,,
FINALB,reverse,10,3,0.9680229624,0.9285714030,0.9864864945,0.9890109897,,1.0000000000,0.9864864945,0.8901098967,,0.9285714030,0.9864864945,0.8791208863,
FINALB,reverse,10,4,0.9732394367,0.9285714030,0.9864864945,0.9890109897,0.9888888597,1.0000000000,0.9864864945,0.9120879173,0.8999999762,0.9285714030,0.9864864945,0.9010989070,0.8888888955
FINALB,paper,1,1,1.0000000000,,,,1.0000000000,,,,0.8947368264,,,,0.8947368264
FINALB,paper,1,2,0.9892473221,,,0.9784946442,1.0000000000,,,0.8924731016,0.9052631855,,,0.8709677458,0.9052631855
FINALB,paper,1,3,0.9929070075,,1.0000000000,0.9892473221,0.9894737005,,0.9736841917,0.9032257795,0.8736842275,,0.9736841917,0.8924731016,0.8736842275
FINALB,paper,1,4,0.9720359445,0.9333333373,0.9868420959,0.9784946442,0.9894737005,1.0000000000,0.9736841917,0.9032257795,0.8947368264,0.9333333373,0.9605262876,0.8817204237,0.8947368264
FINALB,paper,2,1,1.0000000000,,,,1.0000000000,,,,0.9368420839,,,,0.9368420839
FINALB,paper,2,2,0.9947368503,,,0.9894737005,1.0000000000,,,0.9368420839,0.9578947425,,,0.9263157845,0.9578947425
FINALB,paper,2,3,0.9923760096,,0.9876543283,0.9894737005,1.0000000000,,0.9753086567,0.9368420839,0.9578947425,,0.9629629850,0.9263157845,0.9578947425
FINALB,paper,2,4,0.9802469164,0.9333333373,0.9876543283,1.0000000000,1.0000000000,0.9333333373,0.9753086567,0.9368420839,0.9578947425,0.8666666746,0.9629629850,0.9368420839,0.9578947425
FINALB,paper,3,1,1.0000000000,,,,1.0000000000,,,,0.9532710314,,,,0.9532710314
FINALB,paper,3,2,0.9947916567,,,0.9895833135,1.0000000000,,,0.9375000000,0.9626168013,,,0.9270833135,0.9626168013
FINALB,paper,3,3,0.9921418031,,0.9868420959,0.9895833135,1.0000000000,,0.9210526347,0.9166666865,0.9719626307,,0.9210526347,0.9062500000,0.9719626307
FINALB,paper,3,4,0.9941063523,1.0000000000,0.9868420959,0.9895833135,1.0000000000,1.0000000000,0.9210526347,0.9166666865,0.9532710314,1.0000000000,0.9210526347,0.9062500000,0.9532710314
FINALB,paper,4,1,1.0000000000,,,,1.0000000000,,,,0.8839285970,,,,0.8839285970
FINALB,paper,4,2,0.9840425551,,,0.9680851102,1.0000000000,,,0.9468085170,0.8839285970,,,0.9148936272,0.8839285970
FINALB,paper,4,3,0.9858156045,,1.0000000000,0.9574468136,1.0000000000,,0.9487179518,0.9361702204,0.9196428657,,0.9487179518,0.8936170340,0.9196428657
FINALB,paper,4,4,0.9607712775,0.8750000000,1.0000000000,0.9680851102,1.0000000000,1.0000000000,0.9487179518,0.9468085170,0.9017857313,0.8750000000,0.9487179518,0.9148936272,0.9017857313
FINALB,paper,5,1,1.0000000000,,,,1.0000000000,,,,0.9166666865,,,,0.9166666865
FINALB,paper,5,2,0.9893617034,,,0.9787234068,1.0000000000,,,0.9574468136,0.9479166865,,,0.9361702204,0.9479166865
FINALB,paper,5,3,0.9884033004,,0.9864864945,0.9787234068,1.0000000000,,0.9864864945,0.9255319238,0.9270833135,,0.9729729891,0.9042553306,0.9270833135
FINALB,paper,5,4,0.9886983037,1.0000000000,0.9864864945,0.9787234068,0.9895833135,1.0000000000,0.9864864945,0.9255319238,0.9375000000,1.0000000000,0.9729729891,0.9042553306,0.9375000000
FINALB,paper,6,1,1.0000000000,,,,1.0000000000,,,,0.9659090638,,,,0.9659090638
FINALB,paper,6,2,0.9943181872,,,1.0000000000,0.9886363745,,,0.9591836929,0.9659090638,,,0.9591836929,0.9545454383
FINALB,paper,6,3,0.9962121248,,1.0000000000,1.0000000000,0.9886363745,,0.9870129824,0.9591836929,0.9659090638,,0.9870129824,0.9591836929,0.9545454383
FINALB,paper,6,4,0.9659090936,0.8750000000,1.0000000000,1.0000000000,0.9886363745,0.9375000000,0.9870129824,0.9591836929,0.9545454383,0.8750000000,0.9870129824,0.9591836929,0.9431818128
FINALB,paper,7,1,1.0000000000,,,,1.0000000000,,,,0.8969072104,,,,0.8969072104
FINALB,paper,7,2,0.9948453605,,,1.0000000000,0.9896907210,,,0.9270833135,0.9175257683,,,0.9270833135,0.9072164893
FINALB,paper,7,3,0.9886827072,,0.9866666794,1.0000000000,0.9793814421,,0.9599999785,0.9270833135,0.9175257683,,0.9466666579,0.9270833135,0.8969072104
FINALB,paper,7,4,0.9607560188,0.8666666746,0.9866666794,1.0000000000,0.9896907210,0.9333333373,0.9599999785,0.9166666865,0.9278350472,0.8000000119,0.9466666579,0.9166666865,0.9175257683
FINALB,paper,8,1,1.0000000000,,,,1.0000000000,,,,0.9139785171,,,,0.9139785171
FINALB,paper,8,2,0.9784946144,,,1.0000000000,0.9569892287,,,0.8958333135,0.9032257795,,,0.8958333135,0.8602150679
FINALB,paper,8,3,0.9812771082,,0.9868420959,1.0000000000,0.9569892287,,0.9342105389,0.8958333135,0.9032257795,,0.9210526347,0.8958333135,0.8602150679
FINALB,paper,8,4,0.9859578311,1.0000000000,0.9868420959,1.0000000000,0.9569892287,0.9333333373,0.9342105389,0.8958333135,0.9032257795,0.9333333373,0.9210526347,0.8958333135,0.8602150679
FINALB,paper,9,1,1.0000000000,,,,1.0000000000,,,,0.8804348111,,,,0.8804348111
FINALB,paper,9,2,0.9689284265,,,0.9595959783,0.9782608747,,,0.8989899158,0.8804348111,,,0.8585858345,0.8695651889
FINALB,paper,9,3,0.9749142130,,0.9876543283,0.9696969986,0.9673913121,,0.9382715821,0.8787878752,0.8804348111,,0.9259259105,0.8484848738,0.8586956263
FINALB,paper,9,4,0.9664149284,0.9285714030,1.0000000000,0.9696969986,0.9673913121,1.0000000000,0.9382715821,0.8787878752,0.8695651889,0.9285714030,0.9382715821,0.8484848738,0.8478260636
FINALB,paper,10,1,1.0000000000,,,,1.0000000000,,,,0.8777777553,,,,0.8777777553
FINALB,paper,10,2,0.9945054948,,,0.9890109897,1.0000000000,,,0.9010989070,0.8999999762,,,0.8901098967,0.8999999762
FINALB,paper,10,3,0.9918324947,,0.9864864945,0.9890109897,1.0000000000,,0.9864864945,0.9010989070,0.8888888955,,0.9864864945,0.8901098967,0.8888888955
FINALB,paper,10,4,0.9732394367,0.9285714030,0.9864864945,0.9890109897,0.9888888597,1.0000000000,0.9864864945,0.9120879173,0.8999999762,0.9285714030,0.9864864945,0.9010989070,0.8888888955
